Week,Mean,Min,Max
Week 1,1034.7693452380952,215.625,1718.0
Week 2,1024.9308035714287,165.75,1748.0
Week 3,1023.3846726190476,157.75,1730.0
Week 4,1019.1011904761905,158.25,1692.0
