Week,Mean,Min,Max
Week 1,1370.8973214285713,468.25,2132.0
Week 2,1370.7440476190477,483.75,2162.0
Week 3,1371.6755952380952,479.0,2152.0
Week 4,1373.1011904761904,491.5,2110.0
