Week,Mean,Min,Max
Week 1,1373.0193452380952,486.75,2130.0
Week 2,1373.2589285714287,505.5,2164.0
Week 3,1374.5238095238096,499.5,2156.0
Week 4,1376.3363095238096,512.0,2120.0
